Account Number,Account Name,Symbol,,Quantity
52719,LG 401K PLAN,VOO,,624
52719,LG 401K PLAN,VSORX,,532
52719,LG 401K PLAN,FXNAX,,180
,,,,
"The data and information in this spreadsheet is provided to you solely for your use and is not for distribution. The spreadsheet is provided for informational purposes only, and is not intended to provide advice, nor should it be construed as an offer to sell, a solicitation of an offer to buy or a recommendation for any security by Fidelity or any third party. Data and information shown is based on information known to Fidelity as of the date it was exported and is subject to change. It should not be used in place of your account statements or trade confirmations and is not intended for tax reporting purposes. For more information on the data included in this spreadsheet, including any limitations thereof, go to Fidelity.com.",,,,
,,,,
"Brokerage services are provided by Fidelity Brokerage Services LLC (FBS), 900 Salem Street, Smithfield, RI 02917. Custody and other services provided by National Financial Services LLC (NFS). Both are Fidelity Investment companies and members SIPC, NYSE. Neither FBS nor NFS offer crypto as a direct investment nor provide trading or custody services for such assets.",,,,
,,,,
Date downloaded Aug-20-2025 11:56 p.m ET,,,,
